-8.75,-0.6125,0.09393
-8.5,-0.6137,0.08753
-8,-0.6221,0.07009
-7.75,-0.6165,0.06445
-7.5,-0.6138,0.05862
-7.25,-0.6012,0.05553
-7,-0.5859,0.05283
-6.75,-0.569,0.04995
-6.5,-0.5511,0.04657
-6.25,-0.5278,0.04215
-6,-0.5164,0.03661
-5.75,-0.4936,0.03426
-5.5,-0.4638,0.03203
-5.25,-0.4335,0.02968
-5,-0.4026,0.02601
-4.75,-0.3761,0.02119
-4.5,-0.3546,0.01889
-4.25,-0.3334,0.01736
-4,-0.3129,0.01589
-3.75,-0.2897,0.01479
-3.5,-0.2695,0.0141
-3.25,-0.2441,0.01357
-3,-0.2239,0.01253
-2.75,-0.198,0.01214
-2.5,-0.1753,0.01169
-2.25,-0.1492,0.01106
-2,-0.1255,0.0106
-1.75,-0.0977,0.01031
-1.5,-0.0721,0.00985
-1.25,-0.0437,0.00949
-1,-0.0167,0.00914
-0.75,0.0096,0.00643
-0.5,0.0308,0.00616
-0.25,0.0534,0.00622
0,0.0756,0.00631
0.25,0.0973,0.00638
0.5,0.1169,0.00642
0.75,0.1325,0.00636
1,0.1497,0.00628
1.25,0.1773,0.00639
1.5,0.2089,0.00674
1.75,0.2412,0.0072
2,0.2762,0.00755
2.25,0.3109,0.00779
2.5,0.3454,0.00801
2.75,0.381,0.0082
3,0.4165,0.00839
3.25,0.4481,0.00855
3.5,0.4728,0.00866
3.75,0.4985,0.0088
4,0.5259,0.00898
4.25,0.5543,0.00916
4.5,0.5832,0.00933
4.75,0.6124,0.00954
5,0.6417,0.00977
5.25,0.6712,0.00996
5.5,0.7005,0.01019
5.75,0.7297,0.01048
6,0.759,0.01068
6.25,0.7881,0.01093
6.5,0.817,0.01122
6.75,0.8458,0.01152
7,0.8746,0.01179
7.25,0.903,0.01212
7.5,0.9312,0.01247
7.75,0.9595,0.01278
8,0.9873,0.01315
8.25,1.0148,0.01359
8.5,1.0419,0.01406
8.75,1.0686,0.0146
9,1.0946,0.01525
9.25,1.1198,0.01604
9.5,1.1453,0.01668
9.75,1.1694,0.01752
10,1.1941,0.01819
10.25,1.2161,0.01926
10.5,1.2387,0.02013
10.75,1.2614,0.02092
11,1.2831,0.02176
11.25,1.3012,0.023
11.5,1.3167,0.02447
11.75,1.3357,0.02542
12,1.3526,0.02652
12.25,1.3676,0.0277
12.5,1.3807,0.02893
12.75,1.3893,0.03029
13,1.3907,0.03213
13.25,1.3846,0.03492
13.5,1.3872,0.037
13.75,1.3902,0.03915
14,1.3909,0.04172
14.25,1.3896,0.04473
14.5,1.3865,0.04818
14.75,1.3814,0.05218
15,1.3744,0.05675
15.25,1.3656,0.06188
15.5,1.355,0.06756
15.75,1.3427,0.0737
16,1.3287,0.08024
16.25,1.3129,0.08708
16.5,1.2961,0.09419
16.75,1.2783,0.10156
17,1.2593,0.1093
17.25,1.2395,0.11747
17.5,1.2175,0.12636
17.75,1.191,0.13669
18,1.1408,0.15358
